Paths,Energy_barrier(eV)
S8* -> *Li2S8 -> *LiS7 -> *Li2S7 -> *LiS5 -> S* -> *LiS -> *Li2S2 -> *LiS -> *Li2S4->*Li2S4 -> *LiS3 -> S2* -> *LiS2 -> *Li2S2 -> *LiS -> *Li2S,0
S8* -> *Li2S8 -> *LiS4 -> S* -> *LiS -> *Li2S3 -> *LiS2 -> *Li2S2 -> *LiS -> *Li2S4->*Li2S4 -> *LiS3 -> S2* -> *LiS2 -> *Li2S2 -> *LiS -> *Li2S,0
S8* -> *Li2S8 -> *LiS2 -> S* -> *LiS -> *Li2S6 -> *LiS2 -> *Li2S2 -> *LiS -> *Li2S4->*Li2S4 -> *LiS3 -> S2* -> *LiS2 -> S* -> *LiS -> *Li2S,0
S8* -> *Li2S8 -> *LiS2 -> S* -> *LiS -> *Li2S6 -> *LiS2 -> *Li2S2 -> *LiS -> *Li2S4->*Li2S4 -> *LiS3 -> S2* -> *LiS2 -> *Li2S2 -> *LiS -> *Li2S,0
S8* -> *Li2S8 -> *LiS2 -> *Li2S2 -> *LiS -> *Li2S6 -> *LiS2 -> S* -> *LiS -> *Li2S4->*Li2S4 -> *LiS3 -> S2* -> *LiS2 -> S* -> *LiS -> *Li2S,0
S8* -> *Li2S8 -> *LiS2 -> *Li2S2 -> *LiS -> *Li2S6 -> *LiS2 -> S* -> *LiS -> *Li2S4->*Li2S4 -> *LiS3 -> S2* -> *LiS2 -> *Li2S2 -> *LiS -> *Li2S,0
S8* -> *Li2S8 -> *LiS3 -> S2* -> *LiS2 -> *Li2S2 -> *LiS -> *Li2S5 -> *LiS -> *Li2S4->*Li2S4 -> *LiS2 -> S* -> *LiS -> *Li2S2 -> *LiS -> *Li2S,0
S8* -> *Li2S8 -> *LiS3 -> S2* -> *LiS2 -> *Li2S2 -> *LiS -> *Li2S5 -> *LiS -> *Li2S4->*Li2S4 -> *LiS2 -> *2LiS -> *LiS -> *Li2S2 -> *LiS -> *Li2S,0
S8* -> *Li2S8 -> *LiS3 -> S2* -> *LiS2 -> *Li2S2 -> *LiS -> *Li2S5 -> *LiS -> *Li2S4->*Li2S4 -> *LiS3 -> S2* -> *LiS2 -> S* -> *LiS -> *Li2S,0
S8* -> *Li2S8 -> *LiS3 -> S2* -> *LiS2 -> *Li2S2 -> *LiS -> *Li2S5 -> *LiS -> *Li2S4->*Li2S4 -> *LiS3 -> S2* -> *LiS2 -> *Li2S2 -> *LiS -> *Li2S,0
S8* -> *Li2S8 -> *LiS3 -> S2* -> *LiS2 -> *Li2S2 -> *LiS -> *Li2S5 -> *LiS -> *Li2S4->*Li2S4 -> *LiS3 -> S* -> *LiS -> *Li2S2 -> *LiS -> *Li2S,0
S8* -> *Li2S8 -> *LiS3 -> S2* -> *LiS2 -> *Li2S2 -> *LiS -> *Li2S5 -> *LiS -> *Li2S4->*Li2S4 -> *LiS3 -> *Li2S3 -> *LiS2 -> S* -> *LiS -> *Li2S,0
S8* -> *Li2S8 -> *LiS3 -> S2* -> *LiS2 -> *Li2S2 -> *LiS -> *Li2S5 -> *LiS -> *Li2S4->*Li2S4 -> *LiS3 -> *Li2S3 -> *LiS2 -> *Li2S2 -> *LiS -> *Li2S,0
S8* -> *Li2S8 -> *LiS3 -> S2* -> *LiS2 -> *Li2S2 -> *LiS -> *Li2S5 -> *LiS -> *Li2S4->*Li2S4 -> *LiS -> *Li2S3 -> *LiS2 -> S* -> *LiS -> *Li2S,0
S8* -> *Li2S8 -> *LiS3 -> S2* -> *LiS2 -> *Li2S2 -> *LiS -> *Li2S5 -> *LiS -> *Li2S4->*Li2S4 -> *LiS -> *Li2S3 -> *LiS2 -> *Li2S2 -> *LiS -> *Li2S,0
S8* -> *Li2S8 -> *LiS3 -> S2* -> *LiS2 -> *Li2S2 -> *LiS -> *Li2S5 -> *LiS -> *Li2S4->*Li2S4 -> *LiS2 -> *Li2S2 -> *LiS -> *Li2S2 -> *LiS -> *Li2S,0
S8* -> *Li2S8 -> *LiS3 -> S2* -> *LiS2 -> *Li2S2 -> *LiS -> *Li2S5 -> *LiS -> *Li2S4->*Li2S4 -> *LiS3 -> *Li2S3 -> *LiS2 -> *2LiS -> *LiS -> *Li2S,0
S8* -> *Li2S8 -> *LiS3 -> *Li2S3 -> *LiS2 -> S* -> *LiS -> *Li2S5 -> *LiS -> *Li2S4->*Li2S4 -> *LiS3 -> S2* -> *LiS2 -> S* -> *LiS -> *Li2S,0
S8* -> *Li2S8 -> *LiS3 -> *Li2S3 -> *LiS2 -> S* -> *LiS -> *Li2S5 -> *LiS -> *Li2S4->*Li2S4 -> *LiS3 -> S2* -> *LiS2 -> *Li2S2 -> *LiS -> *Li2S,0
S8* -> *Li2S8 -> *LiS2 -> S* -> *LiS -> *Li2S6 -> *LiS -> *Li2S5 -> *LiS -> *Li2S4->*Li2S4 -> *LiS3 -> S2* -> *LiS2 -> *Li2S2 -> *LiS -> *Li2S,0
S8* -> *Li2S8 -> *LiS2 -> S* -> *LiS -> *Li2S6 -> *LiS -> *Li2S5 -> *LiS -> *Li2S4->*Li2S4 -> *LiS3 -> S2* -> *LiS2 -> S* -> *LiS -> *Li2S,0
S8* -> *Li2S8 -> *LiS -> *Li2S7 -> *LiS5 -> S* -> *LiS -> *Li2S2 -> *LiS -> *Li2S4->*Li2S4 -> *LiS3 -> S2* -> *LiS2 -> *Li2S2 -> *LiS -> *Li2S,0
S8* -> *Li2S8 -> *LiS -> *Li2S7 -> *LiS3 -> S2* -> *LiS2 -> *Li2S2 -> *LiS -> *Li2S4->*Li2S4 -> *LiS3 -> S2* -> *LiS2 -> *Li2S2 -> *LiS -> *Li2S,0
S8* -> *Li2S8 -> *LiS -> *Li2S7 -> *LiS -> *Li2S6 -> *LiS2 -> S* -> *LiS -> *Li2S4->*Li2S4 -> *LiS3 -> S2* -> *LiS2 -> S* -> *LiS -> *Li2S,0
S8* -> *Li2S8 -> *LiS -> *Li2S7 -> *LiS -> *Li2S6 -> *LiS2 -> S* -> *LiS -> *Li2S4->*Li2S4 -> *LiS3 -> S2* -> *LiS2 -> *Li2S2 -> *LiS -> *Li2S,0
S8* -> *Li2S8 -> *LiS -> *Li2S7 -> *LiS2 -> S* -> *LiS -> *Li2S5 -> *LiS -> *Li2S4->*Li2S4 -> *LiS3 -> S2* -> *LiS2 -> S* -> *LiS -> *Li2S,0
S8* -> *Li2S8 -> *LiS -> *Li2S7 -> *LiS2 -> S* -> *LiS -> *Li2S5 -> *LiS -> *Li2S4->*Li2S4 -> *LiS3 -> S2* -> *LiS2 -> *Li2S2 -> *LiS -> *Li2S,0
S8* -> *Li2S8 -> *LiS -> *Li2S7 -> *LiS3 -> S2* -> *LiS2 -> *Li2S2 -> *LiS -> *Li2S4->*Li2S4 -> *LiS2 -> S* -> *LiS -> *Li2S2 -> *LiS -> *Li2S,0
S8* -> *Li2S8 -> *LiS -> *Li2S7 -> *LiS3 -> S2* -> *LiS2 -> *Li2S2 -> *LiS -> *Li2S4->*Li2S4 -> *LiS2 -> *2LiS -> *LiS -> *Li2S2 -> *LiS -> *Li2S,0
S8* -> *Li2S8 -> *LiS -> *Li2S7 -> *LiS3 -> S2* -> *LiS2 -> *Li2S2 -> *LiS -> *Li2S4->*Li2S4 -> *LiS3 -> S2* -> *LiS2 -> S* -> *LiS -> *Li2S,0
S8* -> *Li2S8 -> *LiS -> *Li2S7 -> *LiS3 -> S2* -> *LiS2 -> *Li2S2 -> *LiS -> *Li2S4->*Li2S4 -> *LiS3 -> *Li2S3 -> *LiS2 -> S* -> *LiS -> *Li2S,0
S8* -> *Li2S8 -> *LiS -> *Li2S7 -> *LiS5 -> S* -> *LiS -> *Li2S2 -> *LiS -> *Li2S4->*Li2S4 -> *LiS3 -> S2* -> *LiS2 -> S* -> *LiS -> *Li2S,0
S8* -> *Li2S8 -> *LiS -> *Li2S7 -> *LiS3 -> S2* -> *LiS2 -> *Li2S2 -> *LiS -> *Li2S4->*Li2S4 -> *LiS3 -> *Li2S3 -> *LiS2 -> *Li2S2 -> *LiS -> *Li2S,0
S8* -> *Li2S8 -> *LiS -> *Li2S7 -> *LiS3 -> S2* -> *LiS2 -> *Li2S2 -> *LiS -> *Li2S4->*Li2S4 -> *LiS -> *Li2S3 -> *LiS2 -> S* -> *LiS -> *Li2S,0
S8* -> *Li2S8 -> *LiS -> *Li2S7 -> *LiS3 -> S2* -> *LiS2 -> *Li2S2 -> *LiS -> *Li2S4->*Li2S4 -> *LiS -> *Li2S3 -> *LiS2 -> *Li2S2 -> *LiS -> *Li2S,0
S8* -> *Li2S8 -> *LiS -> *Li2S7 -> *LiS3 -> S2* -> *LiS2 -> *Li2S2 -> *LiS -> *Li2S4->*Li2S4 -> *LiS2 -> *Li2S2 -> *LiS -> *Li2S2 -> *LiS -> *Li2S,0
S8* -> *Li2S8 -> *LiS -> *Li2S7 -> *LiS3 -> S2* -> *LiS2 -> *Li2S2 -> *LiS -> *Li2S4->*Li2S4 -> *LiS3 -> *Li2S3 -> *LiS2 -> *2LiS -> *LiS -> *Li2S,0
S8* -> *Li2S8 -> *LiS -> *Li2S7 -> *LiS3 -> *Li2S3 -> *LiS2 -> S* -> *LiS -> *Li2S4->*Li2S4 -> *LiS3 -> S2* -> *LiS2 -> S* -> *LiS -> *Li2S,0
S8* -> *Li2S8 -> *LiS -> *Li2S7 -> *LiS3 -> *Li2S3 -> *LiS2 -> S* -> *LiS -> *Li2S4->*Li2S4 -> *LiS3 -> S2* -> *LiS2 -> *Li2S2 -> *LiS -> *Li2S,0
S8* -> *Li2S8 -> *LiS4 -> S* -> *LiS -> *Li2S3 -> *LiS2 -> *Li2S2 -> *LiS -> *Li2S4->*Li2S4 -> *LiS3 -> S2* -> *LiS2 -> S* -> *LiS -> *Li2S,0
S8* -> *Li2S8 -> *LiS -> *Li2S7 -> *LiS3 -> S2* -> *LiS2 -> *Li2S2 -> *LiS -> *Li2S4->*Li2S4 -> *LiS3 -> S* -> *LiS -> *Li2S2 -> *LiS -> *Li2S,0
S8* -> *Li2S8 -> *LiS5 -> S* -> *LiS -> *Li2S3 -> *LiS2 -> *Li2S2 -> *LiS -> *Li2S4->*Li2S4 -> *LiS3 -> S2* -> *LiS2 -> S* -> *LiS -> *Li2S,0
S8* -> *Li2S8 -> *LiS7 -> *Li2S7 -> *LiS3 -> S2* -> *LiS2 -> *Li2S2 -> *LiS -> *Li2S4->*Li2S4 -> *LiS3 -> *Li2S3 -> *LiS2 -> S* -> *LiS -> *Li2S,0
S8* -> *Li2S8 -> *LiS7 -> *Li2S7 -> *LiS2 -> S* -> *LiS -> *Li2S5 -> *LiS -> *Li2S4->*Li2S4 -> *LiS3 -> S2* -> *LiS2 -> S* -> *LiS -> *Li2S,0
S8* -> *Li2S8 -> *LiS7 -> *Li2S7 -> *LiS2 -> S* -> *LiS -> *Li2S5 -> *LiS -> *Li2S4->*Li2S4 -> *LiS3 -> S2* -> *LiS2 -> *Li2S2 -> *LiS -> *Li2S,0
S8* -> *Li2S8 -> *LiS7 -> *Li2S7 -> *LiS3 -> S2* -> *LiS2 -> *Li2S2 -> *LiS -> *Li2S4->*Li2S4 -> *LiS2 -> S* -> *LiS -> *Li2S2 -> *LiS -> *Li2S,0
S8* -> *Li2S8 -> *LiS7 -> *Li2S7 -> *LiS3 -> S2* -> *LiS2 -> *Li2S2 -> *LiS -> *Li2S4->*Li2S4 -> *LiS2 -> *2LiS -> *LiS -> *Li2S2 -> *LiS -> *Li2S,0
S8* -> *Li2S8 -> *LiS7 -> *Li2S7 -> *LiS3 -> S2* -> *LiS2 -> *Li2S2 -> *LiS -> *Li2S4->*Li2S4 -> *LiS3 -> S2* -> *LiS2 -> S* -> *LiS -> *Li2S,0
S8* -> *Li2S8 -> *LiS7 -> *Li2S7 -> *LiS3 -> S2* -> *LiS2 -> *Li2S2 -> *LiS -> *Li2S4->*Li2S4 -> *LiS3 -> S2* -> *LiS2 -> *Li2S2 -> *LiS -> *Li2S,0
S8* -> *Li2S8 -> *LiS7 -> *Li2S7 -> *LiS3 -> S2* -> *LiS2 -> *Li2S2 -> *LiS -> *Li2S4->*Li2S4 -> *LiS3 -> S* -> *LiS -> *Li2S2 -> *LiS -> *Li2S,0
S8* -> *Li2S8 -> *LiS7 -> *Li2S7 -> *LiS3 -> S2* -> *LiS2 -> *Li2S2 -> *LiS -> *Li2S4->*Li2S4 -> *LiS3 -> *Li2S3 -> *LiS2 -> *Li2S2 -> *LiS -> *Li2S,0
S8* -> *Li2S8 -> *LiS7 -> *Li2S7 -> *LiS -> *Li2S6 -> *LiS2 -> S* -> *LiS -> *Li2S4->*Li2S4 -> *LiS3 -> S2* -> *LiS2 -> S* -> *LiS -> *Li2S,0
S8* -> *Li2S8 -> *LiS7 -> *Li2S7 -> *LiS3 -> S2* -> *LiS2 -> *Li2S2 -> *LiS -> *Li2S4->*Li2S4 -> *LiS -> *Li2S3 -> *LiS2 -> S* -> *LiS -> *Li2S,0
S8* -> *Li2S8 -> *LiS7 -> *Li2S7 -> *LiS3 -> S2* -> *LiS2 -> *Li2S2 -> *LiS -> *Li2S4->*Li2S4 -> *LiS -> *Li2S3 -> *LiS2 -> *Li2S2 -> *LiS -> *Li2S,0
S8* -> *Li2S8 -> *LiS7 -> *Li2S7 -> *LiS3 -> S2* -> *LiS2 -> *Li2S2 -> *LiS -> *Li2S4->*Li2S4 -> *LiS3 -> *Li2S3 -> *LiS2 -> *2LiS -> *LiS -> *Li2S,0
S8* -> *Li2S8 -> *LiS7 -> *Li2S7 -> *LiS3 -> *Li2S3 -> *LiS2 -> S* -> *LiS -> *Li2S4->*Li2S4 -> *LiS3 -> S2* -> *LiS2 -> S* -> *LiS -> *Li2S,0
S8* -> *Li2S8 -> *LiS7 -> *Li2S7 -> *LiS3 -> *Li2S3 -> *LiS2 -> S* -> *LiS -> *Li2S4->*Li2S4 -> *LiS3 -> S2* -> *LiS2 -> *Li2S2 -> *LiS -> *Li2S,0
S8* -> *Li2S8 -> *LiS7 -> *Li2S7 -> *LiS5 -> S* -> *LiS -> *Li2S2 -> *LiS -> *Li2S4->*Li2S4 -> *LiS3 -> S2* -> *LiS2 -> S* -> *LiS -> *Li2S,0
S8* -> *Li2S8 -> *LiS5 -> S* -> *LiS -> *Li2S3 -> *LiS2 -> *Li2S2 -> *LiS -> *Li2S4->*Li2S4 -> *LiS3 -> S2* -> *LiS2 -> *Li2S2 -> *LiS -> *Li2S,0
S8* -> *Li2S8 -> *LiS7 -> *Li2S7 -> *LiS -> *Li2S6 -> *LiS2 -> S* -> *LiS -> *Li2S4->*Li2S4 -> *LiS3 -> S2* -> *LiS2 -> *Li2S2 -> *LiS -> *Li2S,0
S8* -> *Li2S8 -> *LiS7 -> *Li2S7 -> *LiS3 -> S2* -> *LiS2 -> *Li2S2 -> *LiS -> *Li2S4->*Li2S4 -> *LiS2 -> *Li2S2 -> *LiS -> *Li2S2 -> *LiS -> *Li2S,0
S8* -> *Li2S8 -> *LiS7 -> S5* -> *LiS5 -> *Li2S5 -> *LiS -> *Li2S2 -> *LiS -> *Li2S4->*Li2S4 -> *LiS3 -> S2* -> *LiS2 -> *Li2S2 -> *LiS -> *Li2S,0
S8* -> *Li2S8 -> *LiS6 -> *Li2S6 -> *LiS2 -> S* -> *LiS -> *Li2S2 -> *LiS -> *Li2S4->*Li2S4 -> *LiS3 -> S2* -> *LiS2 -> *Li2S2 -> *LiS -> *Li2S,0
S8* -> *Li2S8 -> *LiS5 -> *Li2S5 -> *LiS -> *Li2S3 -> *LiS2 -> S* -> *LiS -> *Li2S4->*Li2S4 -> *LiS3 -> S2* -> *LiS2 -> S* -> *LiS -> *Li2S,0
S8* -> *Li2S8 -> *LiS7 -> S5* -> *LiS5 -> *Li2S5 -> *LiS -> *Li2S2 -> *LiS -> *Li2S4->*Li2S4 -> *LiS3 -> S2* -> *LiS2 -> S* -> *LiS -> *Li2S,0
S8* -> *Li2S8 -> *LiS5 -> *Li2S5 -> *LiS -> *Li2S3 -> *LiS2 -> S* -> *LiS -> *Li2S4->*Li2S4 -> *LiS3 -> S2* -> *LiS2 -> *Li2S2 -> *LiS -> *Li2S,0
S8* -> *Li2S8 -> *LiS6 -> S* -> *LiS -> *Li2S2 -> *LiS -> *Li2S5 -> *LiS -> *Li2S4->*Li2S4 -> *LiS3 -> S2* -> *LiS2 -> S* -> *LiS -> *Li2S,0
S8* -> *Li2S8 -> *LiS6 -> S* -> *LiS -> *Li2S5 -> *LiS -> *Li2S2 -> *LiS -> *Li2S4->*Li2S4 -> *LiS3 -> S2* -> *LiS2 -> S* -> *LiS -> *Li2S,0
S8* -> *Li2S8 -> *LiS6 -> S* -> *LiS -> *Li2S5 -> *LiS -> *Li2S2 -> *LiS -> *Li2S4->*Li2S4 -> *LiS3 -> S2* -> *LiS2 -> *Li2S2 -> *LiS -> *Li2S,0
S8* -> *Li2S8 -> *LiS6 -> *Li2S6 -> *LiS2 -> S* -> *LiS -> *Li2S2 -> *LiS -> *Li2S4->*Li2S4 -> *LiS3 -> S2* -> *LiS2 -> S* -> *LiS -> *Li2S,0
S8* -> *Li2S8 -> *LiS6 -> S* -> *LiS -> *Li2S2 -> *LiS -> *Li2S5 -> *LiS -> *Li2S4->*Li2S4 -> *LiS3 -> S2* -> *LiS2 -> *Li2S2 -> *LiS -> *Li2S,0
S8* -> *Li2S8 -> *LiS7 -> S* -> *LiS -> *Li2S6 -> *LiS -> *Li2S5 -> *LiS -> *Li2S4->*Li2S4 -> *LiS3 -> S2* -> *LiS2 -> *Li2S2 -> *LiS -> *Li2S,0
S8* -> *Li2S8 -> *LiS7 -> S* -> *LiS -> *Li2S6 -> *LiS2 -> *Li2S2 -> *LiS -> *Li2S4->*Li2S4 -> *LiS3 -> S2* -> *LiS2 -> S* -> *LiS -> *Li2S,0
S8* -> *Li2S8 -> *LiS7 -> S* -> *LiS -> *Li2S6 -> *LiS2 -> *Li2S2 -> *LiS -> *Li2S4->*Li2S4 -> *LiS3 -> S2* -> *LiS2 -> *Li2S2 -> *LiS -> *Li2S,0
S8* -> *Li2S8 -> *LiS7 -> S3* -> *LiS3 -> *Li2S3 -> *LiS2 -> *Li2S2 -> *LiS -> *Li2S4->*Li2S4 -> *LiS3 -> S2* -> *LiS2 -> *Li2S2 -> *LiS -> *Li2S,0
S8* -> *Li2S8 -> *LiS7 -> S2* -> *LiS2 -> *Li2S2 -> *LiS -> *Li2S5 -> *LiS -> *Li2S4->*Li2S4 -> *LiS3 -> S2* -> *LiS2 -> S* -> *LiS -> *Li2S,0
S8* -> *Li2S8 -> *LiS7 -> S2* -> *LiS2 -> *Li2S2 -> *LiS -> *Li2S5 -> *LiS -> *Li2S4->*Li2S4 -> *LiS3 -> S2* -> *LiS2 -> *Li2S2 -> *LiS -> *Li2S,0
S8* -> *Li2S8 -> *LiS7 -> S* -> *LiS -> *Li2S6 -> *LiS -> *Li2S5 -> *LiS -> *Li2S4->*Li2S4 -> *LiS3 -> S2* -> *LiS2 -> S* -> *LiS -> *Li2S,0
S8* -> *Li2S8 -> *LiS7 -> S3* -> *LiS3 -> *Li2S3 -> *LiS2 -> *Li2S2 -> *LiS -> *Li2S4->*Li2S4 -> *LiS3 -> S2* -> *LiS2 -> S* -> *LiS -> *Li2S,0
S8* -> *Li2S8 -> *LiS7 -> S3* -> *LiS3 -> *Li2S3 -> *LiS2 -> *Li2S2 -> *LiS -> *Li2S4->*Li2S4 -> *LiS -> *Li2S3 -> *LiS2 -> S* -> *LiS -> *Li2S,1
S8* -> *Li2S8 -> *LiS7 -> S2* -> *LiS2 -> *Li2S2 -> *LiS -> *Li2S5 -> *LiS -> *Li2S4->*Li2S4 -> *LiS -> *Li2S3 -> *LiS2 -> *Li2S2 -> *LiS -> *Li2S,1
S8* -> *Li2S8 -> *LiS7 -> S* -> *LiS -> *Li2S6 -> *LiS2 -> *Li2S2 -> *LiS -> *Li2S4->*Li2S4 -> *LiS -> *Li2S3 -> *LiS2 -> *Li2S2 -> *LiS -> *Li2S,1
S8* -> *Li2S8 -> *LiS7 -> S* -> *LiS -> *Li2S6 -> *LiS2 -> *Li2S2 -> *LiS -> *Li2S4->*Li2S4 -> *LiS3 -> *Li2S3 -> *LiS2 -> *2LiS -> *LiS -> *Li2S,1
S8* -> *Li2S8 -> *LiS7 -> S2* -> *LiS2 -> *Li2S2 -> *LiS -> *Li2S5 -> *LiS -> *Li2S4->*Li2S4 -> *LiS3 -> *Li2S3 -> *LiS2 -> S* -> *LiS -> *Li2S,1
S8* -> *Li2S8 -> *LiS7 -> S2* -> *LiS2 -> *Li2S2 -> *LiS -> *Li2S5 -> *LiS -> *Li2S4->*Li2S4 -> *LiS3 -> *Li2S3 -> *LiS2 -> *Li2S2 -> *LiS -> *Li2S,1
S8* -> *Li2S8 -> *LiS7 -> S2* -> *LiS2 -> *Li2S2 -> *LiS -> *Li2S5 -> *LiS -> *Li2S4->*Li2S4 -> *LiS -> *Li2S3 -> *LiS2 -> S* -> *LiS -> *Li2S,1
S8* -> *Li2S8 -> *LiS7 -> S3* -> *LiS3 -> *Li2S3 -> *LiS2 -> *Li2S2 -> *LiS -> *Li2S4->*Li2S4 -> *LiS2 -> *2LiS -> *LiS -> *Li2S2 -> *LiS -> *Li2S,1
S8* -> *Li2S8 -> *LiS7 -> S2* -> *LiS2 -> *Li2S2 -> *LiS -> *Li2S5 -> *LiS -> *Li2S4->*Li2S4 -> *LiS3 -> *Li2S3 -> *LiS2 -> *2LiS -> *LiS -> *Li2S,1
S8* -> *Li2S8 -> *LiS7 -> S3* -> *LiS3 -> *Li2S3 -> *LiS2 -> *Li2S2 -> *LiS -> *Li2S4->*Li2S4 -> *LiS2 -> S* -> *LiS -> *Li2S2 -> *LiS -> *Li2S,1
S8* -> *Li2S8 -> *LiS7 -> S3* -> *LiS3 -> *Li2S3 -> *LiS2 -> *Li2S2 -> *LiS -> *Li2S4->*Li2S4 -> *LiS3 -> S* -> *LiS -> *Li2S2 -> *LiS -> *Li2S,1
S8* -> *Li2S8 -> *LiS7 -> S3* -> *LiS3 -> *Li2S3 -> *LiS2 -> *Li2S2 -> *LiS -> *Li2S4->*Li2S4 -> *LiS3 -> *Li2S3 -> *LiS2 -> S* -> *LiS -> *Li2S,1
S8* -> *Li2S8 -> *LiS7 -> S* -> *LiS -> *Li2S6 -> *LiS2 -> *Li2S2 -> *LiS -> *Li2S4->*Li2S4 -> *LiS3 -> *Li2S3 -> *LiS2 -> *Li2S2 -> *LiS -> *Li2S,1
S8* -> *Li2S8 -> *LiS7 -> S3* -> *LiS3 -> *Li2S3 -> *LiS2 -> *Li2S2 -> *LiS -> *Li2S4->*Li2S4 -> *LiS3 -> *Li2S3 -> *LiS2 -> *Li2S2 -> *LiS -> *Li2S,1
S8* -> *Li2S8 -> *LiS7 -> S* -> *LiS -> *Li2S6 -> *LiS2 -> *Li2S2 -> *LiS -> *Li2S4->*Li2S4 -> *LiS -> *Li2S3 -> *LiS2 -> S* -> *LiS -> *Li2S,1
S8* -> *Li2S8 -> *LiS6 -> *Li2S6 -> *LiS2 -> S* -> *LiS -> *Li2S2 -> *LiS -> *Li2S4->*Li2S4 -> *LiS -> *Li2S3 -> *LiS2 -> *Li2S2 -> *LiS -> *Li2S,1
S8* -> *Li2S8 -> *LiS7 -> S* -> *LiS -> *Li2S6 -> *LiS2 -> *Li2S2 -> *LiS -> *Li2S4->*Li2S4 -> *LiS3 -> *Li2S3 -> *LiS2 -> S* -> *LiS -> *Li2S,1
S8* -> *Li2S8 -> *LiS7 -> S* -> *LiS -> *Li2S6 -> *LiS -> *Li2S5 -> *LiS -> *Li2S4->*Li2S4 -> *LiS3 -> *Li2S3 -> *LiS2 -> *2LiS -> *LiS -> *Li2S,1
S8* -> *Li2S8 -> *LiS7 -> S* -> *LiS -> *Li2S6 -> *LiS -> *Li2S5 -> *LiS -> *Li2S4->*Li2S4 -> *LiS -> *Li2S3 -> *LiS2 -> *Li2S2 -> *LiS -> *Li2S,1
S8* -> *Li2S8 -> *LiS7 -> S* -> *LiS -> *Li2S6 -> *LiS -> *Li2S5 -> *LiS -> *Li2S4->*Li2S4 -> *LiS -> *Li2S3 -> *LiS2 -> S* -> *LiS -> *Li2S,1
S8* -> *Li2S8 -> *LiS7 -> S* -> *LiS -> *Li2S6 -> *LiS -> *Li2S5 -> *LiS -> *Li2S4->*Li2S4 -> *LiS3 -> *Li2S3 -> *LiS2 -> *Li2S2 -> *LiS -> *Li2S,1
S8* -> *Li2S8 -> *LiS7 -> S* -> *LiS -> *Li2S6 -> *LiS -> *Li2S5 -> *LiS -> *Li2S4->*Li2S4 -> *LiS3 -> *Li2S3 -> *LiS2 -> S* -> *LiS -> *Li2S,1
S8* -> *Li2S8 -> *LiS6 -> *Li2S6 -> *LiS2 -> S* -> *LiS -> *Li2S2 -> *LiS -> *Li2S4->*Li2S4 -> *LiS3 -> *Li2S3 -> *LiS2 -> *2LiS -> *LiS -> *Li2S,1
S8* -> *Li2S8 -> *LiS6 -> *Li2S6 -> *LiS2 -> S* -> *LiS -> *Li2S2 -> *LiS -> *Li2S4->*Li2S4 -> *LiS -> *Li2S3 -> *LiS2 -> S* -> *LiS -> *Li2S,1
S8* -> *Li2S8 -> *LiS6 -> *Li2S6 -> *LiS2 -> S* -> *LiS -> *Li2S2 -> *LiS -> *Li2S4->*Li2S4 -> *LiS3 -> *Li2S3 -> *LiS2 -> *Li2S2 -> *LiS -> *Li2S,1
S8* -> *Li2S8 -> *LiS6 -> *Li2S6 -> *LiS2 -> S* -> *LiS -> *Li2S2 -> *LiS -> *Li2S4->*Li2S4 -> *LiS3 -> *Li2S3 -> *LiS2 -> S* -> *LiS -> *Li2S,1
S8* -> *Li2S8 -> *LiS6 -> S* -> *LiS -> *Li2S5 -> *LiS -> *Li2S2 -> *LiS -> *Li2S4->*Li2S4 -> *LiS3 -> *Li2S3 -> *LiS2 -> *2LiS -> *LiS -> *Li2S,1
S8* -> *Li2S8 -> *LiS6 -> S* -> *LiS -> *Li2S5 -> *LiS -> *Li2S2 -> *LiS -> *Li2S4->*Li2S4 -> *LiS -> *Li2S3 -> *LiS2 -> *Li2S2 -> *LiS -> *Li2S,1
S8* -> *Li2S8 -> *LiS7 -> S3* -> *LiS3 -> *Li2S3 -> *LiS2 -> *Li2S2 -> *LiS -> *Li2S4->*Li2S4 -> *LiS2 -> *Li2S2 -> *LiS -> *Li2S2 -> *LiS -> *Li2S,1
S8* -> *Li2S8 -> *LiS6 -> S* -> *LiS -> *Li2S5 -> *LiS -> *Li2S2 -> *LiS -> *Li2S4->*Li2S4 -> *LiS -> *Li2S3 -> *LiS2 -> S* -> *LiS -> *Li2S,1
S8* -> *Li2S8 -> *LiS7 -> S3* -> *LiS3 -> *Li2S3 -> *LiS2 -> *Li2S2 -> *LiS -> *Li2S4->*Li2S4 -> *LiS -> *Li2S3 -> *LiS2 -> *Li2S2 -> *LiS -> *Li2S,1
S8* -> *Li2S8 -> *LiS7 -> *Li2S7 -> *LiS3 -> *Li2S3 -> *LiS2 -> S* -> *LiS -> *Li2S4->*Li2S4 -> *LiS3 -> S* -> *LiS -> *Li2S2 -> *LiS -> *Li2S,1
S8* -> *Li2S8 -> *LiS7 -> S3* -> *LiS3 -> *Li2S3 -> *LiS2 -> *Li2S2 -> *LiS -> *Li2S4->*Li2S4 -> *LiS3 -> *Li2S3 -> *LiS2 -> *2LiS -> *LiS -> *Li2S,1
S8* -> *Li2S8 -> *LiS7 -> *Li2S7 -> *LiS3 -> *Li2S3 -> *LiS2 -> S* -> *LiS -> *Li2S4->*Li2S4 -> *LiS2 -> S* -> *LiS -> *Li2S2 -> *LiS -> *Li2S,1
S8* -> *Li2S8 -> *LiS6 -> S* -> *LiS -> *Li2S5 -> *LiS -> *Li2S2 -> *LiS -> *Li2S4->*Li2S4 -> *LiS3 -> *Li2S3 -> *LiS2 -> S* -> *LiS -> *Li2S,1
S8* -> *Li2S8 -> *LiS7 -> *Li2S7 -> *LiS5 -> S* -> *LiS -> *Li2S2 -> *LiS -> *Li2S4->*Li2S4 -> *LiS3 -> *Li2S3 -> *LiS2 -> *2LiS -> *LiS -> *Li2S,1
S8* -> *Li2S8 -> *LiS7 -> *Li2S7 -> *LiS5 -> S* -> *LiS -> *Li2S2 -> *LiS -> *Li2S4->*Li2S4 -> *LiS -> *Li2S3 -> *LiS2 -> *Li2S2 -> *LiS -> *Li2S,1
S8* -> *Li2S8 -> *LiS7 -> *Li2S7 -> *LiS5 -> S* -> *LiS -> *Li2S2 -> *LiS -> *Li2S4->*Li2S4 -> *LiS -> *Li2S3 -> *LiS2 -> S* -> *LiS -> *Li2S,1
S8* -> *Li2S8 -> *LiS7 -> *Li2S7 -> *LiS5 -> S* -> *LiS -> *Li2S2 -> *LiS -> *Li2S4->*Li2S4 -> *LiS3 -> *Li2S3 -> *LiS2 -> *Li2S2 -> *LiS -> *Li2S,1
S8* -> *Li2S8 -> *LiS7 -> *Li2S7 -> *LiS5 -> S* -> *LiS -> *Li2S2 -> *LiS -> *Li2S4->*Li2S4 -> *LiS3 -> *Li2S3 -> *LiS2 -> S* -> *LiS -> *Li2S,1
S8* -> *Li2S8 -> *LiS7 -> *Li2S7 -> *LiS3 -> *Li2S3 -> *LiS2 -> S* -> *LiS -> *Li2S4->*Li2S4 -> *LiS3 -> *Li2S3 -> *LiS2 -> *2LiS -> *LiS -> *Li2S,1
S8* -> *Li2S8 -> *LiS7 -> *Li2S7 -> *LiS3 -> *Li2S3 -> *LiS2 -> S* -> *LiS -> *Li2S4->*Li2S4 -> *LiS2 -> *Li2S2 -> *LiS -> *Li2S2 -> *LiS -> *Li2S,1
S8* -> *Li2S8 -> *LiS7 -> *Li2S7 -> *LiS3 -> *Li2S3 -> *LiS2 -> S* -> *LiS -> *Li2S4->*Li2S4 -> *LiS -> *Li2S3 -> *LiS2 -> *Li2S2 -> *LiS -> *Li2S,1
S8* -> *Li2S8 -> *LiS7 -> *Li2S7 -> *LiS3 -> *Li2S3 -> *LiS2 -> S* -> *LiS -> *Li2S4->*Li2S4 -> *LiS -> *Li2S3 -> *LiS2 -> S* -> *LiS -> *Li2S,1
S8* -> *Li2S8 -> *LiS7 -> *Li2S7 -> *LiS3 -> *Li2S3 -> *LiS2 -> S* -> *LiS -> *Li2S4->*Li2S4 -> *LiS3 -> *Li2S3 -> *LiS2 -> *Li2S2 -> *LiS -> *Li2S,1
S8* -> *Li2S8 -> *LiS7 -> *Li2S7 -> *LiS3 -> *Li2S3 -> *LiS2 -> S* -> *LiS -> *Li2S4->*Li2S4 -> *LiS3 -> *Li2S3 -> *LiS2 -> S* -> *LiS -> *Li2S,1
S8* -> *Li2S8 -> *LiS7 -> *Li2S7 -> *LiS3 -> *Li2S3 -> *LiS2 -> S* -> *LiS -> *Li2S4->*Li2S4 -> *LiS2 -> *2LiS -> *LiS -> *Li2S2 -> *LiS -> *Li2S,1
S8* -> *Li2S8 -> *LiS7 -> *Li2S7 -> *LiS2 -> S* -> *LiS -> *Li2S5 -> *LiS -> *Li2S4->*Li2S4 -> *LiS3 -> *Li2S3 -> *LiS2 -> *2LiS -> *LiS -> *Li2S,1
S8* -> *Li2S8 -> *LiS7 -> S5* -> *LiS5 -> *Li2S5 -> *LiS -> *Li2S2 -> *LiS -> *Li2S4->*Li2S4 -> *LiS3 -> *Li2S3 -> *LiS2 -> S* -> *LiS -> *Li2S,1
S8* -> *Li2S8 -> *LiS7 -> *Li2S7 -> *LiS2 -> S* -> *LiS -> *Li2S5 -> *LiS -> *Li2S4->*Li2S4 -> *LiS -> *Li2S3 -> *LiS2 -> *Li2S2 -> *LiS -> *Li2S,1
S8* -> *Li2S8 -> *LiS7 -> *Li2S7 -> *LiS2 -> S* -> *LiS -> *Li2S5 -> *LiS -> *Li2S4->*Li2S4 -> *LiS -> *Li2S3 -> *LiS2 -> S* -> *LiS -> *Li2S,1
S8* -> *Li2S8 -> *LiS7 -> *Li2S7 -> *LiS2 -> S* -> *LiS -> *Li2S5 -> *LiS -> *Li2S4->*Li2S4 -> *LiS3 -> *Li2S3 -> *LiS2 -> *Li2S2 -> *LiS -> *Li2S,1
S8* -> *Li2S8 -> *LiS7 -> *Li2S7 -> *LiS2 -> S* -> *LiS -> *Li2S5 -> *LiS -> *Li2S4->*Li2S4 -> *LiS3 -> *Li2S3 -> *LiS2 -> S* -> *LiS -> *Li2S,1
S8* -> *Li2S8 -> *LiS7 -> *Li2S7 -> *LiS -> *Li2S6 -> *LiS2 -> S* -> *LiS -> *Li2S4->*Li2S4 -> *LiS3 -> *Li2S3 -> *LiS2 -> *2LiS -> *LiS -> *Li2S,1
S8* -> *Li2S8 -> *LiS7 -> *Li2S7 -> *LiS -> *Li2S6 -> *LiS2 -> S* -> *LiS -> *Li2S4->*Li2S4 -> *LiS -> *Li2S3 -> *LiS2 -> *Li2S2 -> *LiS -> *Li2S,1
S8* -> *Li2S8 -> *LiS7 -> *Li2S7 -> *LiS -> *Li2S6 -> *LiS2 -> S* -> *LiS -> *Li2S4->*Li2S4 -> *LiS -> *Li2S3 -> *LiS2 -> S* -> *LiS -> *Li2S,1
S8* -> *Li2S8 -> *LiS7 -> *Li2S7 -> *LiS -> *Li2S6 -> *LiS2 -> S* -> *LiS -> *Li2S4->*Li2S4 -> *LiS3 -> *Li2S3 -> *LiS2 -> *Li2S2 -> *LiS -> *Li2S,1
S8* -> *Li2S8 -> *LiS7 -> *Li2S7 -> *LiS -> *Li2S6 -> *LiS2 -> S* -> *LiS -> *Li2S4->*Li2S4 -> *LiS3 -> *Li2S3 -> *LiS2 -> S* -> *LiS -> *Li2S,1
S8* -> *Li2S8 -> *LiS7 -> S5* -> *LiS5 -> *Li2S5 -> *LiS -> *Li2S2 -> *LiS -> *Li2S4->*Li2S4 -> *LiS3 -> *Li2S3 -> *LiS2 -> *2LiS -> *LiS -> *Li2S,1
S8* -> *Li2S8 -> *LiS7 -> S5* -> *LiS5 -> *Li2S5 -> *LiS -> *Li2S2 -> *LiS -> *Li2S4->*Li2S4 -> *LiS -> *Li2S3 -> *LiS2 -> *Li2S2 -> *LiS -> *Li2S,1
S8* -> *Li2S8 -> *LiS7 -> S5* -> *LiS5 -> *Li2S5 -> *LiS -> *Li2S2 -> *LiS -> *Li2S4->*Li2S4 -> *LiS -> *Li2S3 -> *LiS2 -> S* -> *LiS -> *Li2S,1
S8* -> *Li2S8 -> *LiS7 -> S5* -> *LiS5 -> *Li2S5 -> *LiS -> *Li2S2 -> *LiS -> *Li2S4->*Li2S4 -> *LiS3 -> *Li2S3 -> *LiS2 -> *Li2S2 -> *LiS -> *Li2S,1
S8* -> *Li2S8 -> *LiS6 -> S* -> *LiS -> *Li2S5 -> *LiS -> *Li2S2 -> *LiS -> *Li2S4->*Li2S4 -> *LiS3 -> *Li2S3 -> *LiS2 -> *Li2S2 -> *LiS -> *Li2S,1
S8* -> *Li2S8 -> *LiS6 -> S* -> *LiS -> *Li2S2 -> *LiS -> *Li2S5 -> *LiS -> *Li2S4->*Li2S4 -> *LiS3 -> *Li2S3 -> *LiS2 -> *2LiS -> *LiS -> *Li2S,1
S8* -> *Li2S8 -> *LiS -> *Li2S7 -> *LiS2 -> S* -> *LiS -> *Li2S5 -> *LiS -> *Li2S4->*Li2S4 -> *LiS -> *Li2S3 -> *LiS2 -> *Li2S2 -> *LiS -> *Li2S,1
S8* -> *Li2S8 -> *LiS3 -> *Li2S3 -> *LiS2 -> S* -> *LiS -> *Li2S5 -> *LiS -> *Li2S4->*Li2S4 -> *LiS2 -> S* -> *LiS -> *Li2S2 -> *LiS -> *Li2S,1
S8* -> *Li2S8 -> *LiS -> *Li2S7 -> *LiS5 -> S* -> *LiS -> *Li2S2 -> *LiS -> *Li2S4->*Li2S4 -> *LiS3 -> *Li2S3 -> *LiS2 -> *Li2S2 -> *LiS -> *Li2S,1
S8* -> *Li2S8 -> *LiS -> *Li2S7 -> *LiS5 -> S* -> *LiS -> *Li2S2 -> *LiS -> *Li2S4->*Li2S4 -> *LiS -> *Li2S3 -> *LiS2 -> S* -> *LiS -> *Li2S,1
S8* -> *Li2S8 -> *LiS -> *Li2S7 -> *LiS5 -> S* -> *LiS -> *Li2S2 -> *LiS -> *Li2S4->*Li2S4 -> *LiS -> *Li2S3 -> *LiS2 -> *Li2S2 -> *LiS -> *Li2S,1
S8* -> *Li2S8 -> *LiS -> *Li2S7 -> *LiS5 -> S* -> *LiS -> *Li2S2 -> *LiS -> *Li2S4->*Li2S4 -> *LiS3 -> *Li2S3 -> *LiS2 -> *2LiS -> *LiS -> *Li2S,1
S8* -> *Li2S8 -> *LiS2 -> S* -> *LiS -> *Li2S6 -> *LiS -> *Li2S5 -> *LiS -> *Li2S4->*Li2S4 -> *LiS3 -> *Li2S3 -> *LiS2 -> *Li2S2 -> *LiS -> *Li2S,1
S8* -> *Li2S8 -> *LiS2 -> S* -> *LiS -> *Li2S6 -> *LiS -> *Li2S5 -> *LiS -> *Li2S4->*Li2S4 -> *LiS -> *Li2S3 -> *LiS2 -> S* -> *LiS -> *Li2S,1
S8* -> *Li2S8 -> *LiS2 -> S* -> *LiS -> *Li2S6 -> *LiS -> *Li2S5 -> *LiS -> *Li2S4->*Li2S4 -> *LiS -> *Li2S3 -> *LiS2 -> *Li2S2 -> *LiS -> *Li2S,1
S8* -> *Li2S8 -> *LiS2 -> S* -> *LiS -> *Li2S6 -> *LiS -> *Li2S5 -> *LiS -> *Li2S4->*Li2S4 -> *LiS3 -> *Li2S3 -> *LiS2 -> *2LiS -> *LiS -> *Li2S,1
S8* -> *Li2S8 -> *LiS2 -> S* -> *LiS -> *Li2S6 -> *LiS2 -> *Li2S2 -> *LiS -> *Li2S4->*Li2S4 -> *LiS3 -> *Li2S3 -> *LiS2 -> S* -> *LiS -> *Li2S,1
S8* -> *Li2S8 -> *LiS2 -> S* -> *LiS -> *Li2S6 -> *LiS2 -> *Li2S2 -> *LiS -> *Li2S4->*Li2S4 -> *LiS3 -> *Li2S3 -> *LiS2 -> *Li2S2 -> *LiS -> *Li2S,1
S8* -> *Li2S8 -> *LiS2 -> S* -> *LiS -> *Li2S6 -> *LiS2 -> *Li2S2 -> *LiS -> *Li2S4->*Li2S4 -> *LiS -> *Li2S3 -> *LiS2 -> S* -> *LiS -> *Li2S,1
S8* -> *Li2S8 -> *LiS2 -> S* -> *LiS -> *Li2S6 -> *LiS2 -> *Li2S2 -> *LiS -> *Li2S4->*Li2S4 -> *LiS -> *Li2S3 -> *LiS2 -> *Li2S2 -> *LiS -> *Li2S,1
S8* -> *Li2S8 -> *LiS2 -> S* -> *LiS -> *Li2S6 -> *LiS2 -> *Li2S2 -> *LiS -> *Li2S4->*Li2S4 -> *LiS3 -> *Li2S3 -> *LiS2 -> *2LiS -> *LiS -> *Li2S,1
S8* -> *Li2S8 -> *LiS2 -> *Li2S2 -> *LiS -> *Li2S6 -> *LiS2 -> S* -> *LiS -> *Li2S4->*Li2S4 -> *LiS3 -> *Li2S3 -> *LiS2 -> S* -> *LiS -> *Li2S,1
S8* -> *Li2S8 -> *LiS2 -> *Li2S2 -> *LiS -> *Li2S6 -> *LiS2 -> S* -> *LiS -> *Li2S4->*Li2S4 -> *LiS3 -> *Li2S3 -> *LiS2 -> *Li2S2 -> *LiS -> *Li2S,1
S8* -> *Li2S8 -> *LiS2 -> *Li2S2 -> *LiS -> *Li2S6 -> *LiS2 -> S* -> *LiS -> *Li2S4->*Li2S4 -> *LiS -> *Li2S3 -> *LiS2 -> S* -> *LiS -> *Li2S,1
S8* -> *Li2S8 -> *LiS2 -> *Li2S2 -> *LiS -> *Li2S6 -> *LiS2 -> S* -> *LiS -> *Li2S4->*Li2S4 -> *LiS -> *Li2S3 -> *LiS2 -> *Li2S2 -> *LiS -> *Li2S,1
S8* -> *Li2S8 -> *LiS -> *Li2S7 -> *LiS5 -> S* -> *LiS -> *Li2S2 -> *LiS -> *Li2S4->*Li2S4 -> *LiS3 -> *Li2S3 -> *LiS2 -> S* -> *LiS -> *Li2S,1
S8* -> *Li2S8 -> *LiS -> *Li2S7 -> *LiS3 -> *Li2S3 -> *LiS2 -> S* -> *LiS -> *Li2S4->*Li2S4 -> *LiS3 -> *Li2S3 -> *LiS2 -> *2LiS -> *LiS -> *Li2S,1
S8* -> *Li2S8 -> *LiS -> *Li2S7 -> *LiS3 -> *Li2S3 -> *LiS2 -> S* -> *LiS -> *Li2S4->*Li2S4 -> *LiS2 -> *Li2S2 -> *LiS -> *Li2S2 -> *LiS -> *Li2S,1
S8* -> *Li2S8 -> *LiS -> *Li2S7 -> *LiS2 -> S* -> *LiS -> *Li2S5 -> *LiS -> *Li2S4->*Li2S4 -> *LiS -> *Li2S3 -> *LiS2 -> S* -> *LiS -> *Li2S,1
S8* -> *Li2S8 -> *LiS -> *Li2S7 -> *LiS -> *Li2S6 -> *LiS2 -> S* -> *LiS -> *Li2S4->*Li2S4 -> *LiS3 -> *Li2S3 -> *LiS2 -> S* -> *LiS -> *Li2S,1
S8* -> *Li2S8 -> *LiS -> *Li2S7 -> *LiS -> *Li2S6 -> *LiS2 -> S* -> *LiS -> *Li2S4->*Li2S4 -> *LiS3 -> *Li2S3 -> *LiS2 -> *Li2S2 -> *LiS -> *Li2S,1
S8* -> *Li2S8 -> *LiS -> *Li2S7 -> *LiS -> *Li2S6 -> *LiS2 -> S* -> *LiS -> *Li2S4->*Li2S4 -> *LiS -> *Li2S3 -> *LiS2 -> S* -> *LiS -> *Li2S,1
S8* -> *Li2S8 -> *LiS -> *Li2S7 -> *LiS -> *Li2S6 -> *LiS2 -> S* -> *LiS -> *Li2S4->*Li2S4 -> *LiS -> *Li2S3 -> *LiS2 -> *Li2S2 -> *LiS -> *Li2S,1
S8* -> *Li2S8 -> *LiS -> *Li2S7 -> *LiS -> *Li2S6 -> *LiS2 -> S* -> *LiS -> *Li2S4->*Li2S4 -> *LiS3 -> *Li2S3 -> *LiS2 -> *2LiS -> *LiS -> *Li2S,1
S8* -> *Li2S8 -> *LiS -> *Li2S7 -> *LiS2 -> S* -> *LiS -> *Li2S5 -> *LiS -> *Li2S4->*Li2S4 -> *LiS3 -> *Li2S3 -> *LiS2 -> S* -> *LiS -> *Li2S,1
S8* -> *Li2S8 -> *LiS -> *Li2S7 -> *LiS2 -> S* -> *LiS -> *Li2S5 -> *LiS -> *Li2S4->*Li2S4 -> *LiS3 -> *Li2S3 -> *LiS2 -> *Li2S2 -> *LiS -> *Li2S,1
S8* -> *Li2S8 -> *LiS6 -> S* -> *LiS -> *Li2S2 -> *LiS -> *Li2S5 -> *LiS -> *Li2S4->*Li2S4 -> *LiS -> *Li2S3 -> *LiS2 -> *Li2S2 -> *LiS -> *Li2S,1
S8* -> *Li2S8 -> *LiS -> *Li2S7 -> *LiS3 -> *Li2S3 -> *LiS2 -> S* -> *LiS -> *Li2S4->*Li2S4 -> *LiS -> *Li2S3 -> *LiS2 -> *Li2S2 -> *LiS -> *Li2S,1
S8* -> *Li2S8 -> *LiS -> *Li2S7 -> *LiS2 -> S* -> *LiS -> *Li2S5 -> *LiS -> *Li2S4->*Li2S4 -> *LiS3 -> *Li2S3 -> *LiS2 -> *2LiS -> *LiS -> *Li2S,1
S8* -> *Li2S8 -> *LiS -> *Li2S7 -> *LiS3 -> *Li2S3 -> *LiS2 -> S* -> *LiS -> *Li2S4->*Li2S4 -> *LiS2 -> S* -> *LiS -> *Li2S2 -> *LiS -> *Li2S,1
S8* -> *Li2S8 -> *LiS -> *Li2S7 -> *LiS3 -> *Li2S3 -> *LiS2 -> S* -> *LiS -> *Li2S4->*Li2S4 -> *LiS2 -> *2LiS -> *LiS -> *Li2S2 -> *LiS -> *Li2S,1
S8* -> *Li2S8 -> *LiS -> *Li2S7 -> *LiS3 -> *Li2S3 -> *LiS2 -> S* -> *LiS -> *Li2S4->*Li2S4 -> *LiS3 -> S* -> *LiS -> *Li2S2 -> *LiS -> *Li2S,1
S8* -> *Li2S8 -> *LiS -> *Li2S7 -> *LiS3 -> *Li2S3 -> *LiS2 -> S* -> *LiS -> *Li2S4->*Li2S4 -> *LiS3 -> *Li2S3 -> *LiS2 -> S* -> *LiS -> *Li2S,1
S8* -> *Li2S8 -> *LiS -> *Li2S7 -> *LiS3 -> *Li2S3 -> *LiS2 -> S* -> *LiS -> *Li2S4->*Li2S4 -> *LiS3 -> *Li2S3 -> *LiS2 -> *Li2S2 -> *LiS -> *Li2S,1
S8* -> *Li2S8 -> *LiS -> *Li2S7 -> *LiS3 -> *Li2S3 -> *LiS2 -> S* -> *LiS -> *Li2S4->*Li2S4 -> *LiS -> *Li2S3 -> *LiS2 -> S* -> *LiS -> *Li2S,1
S8* -> *Li2S8 -> *LiS2 -> *Li2S2 -> *LiS -> *Li2S6 -> *LiS2 -> S* -> *LiS -> *Li2S4->*Li2S4 -> *LiS3 -> *Li2S3 -> *LiS2 -> *2LiS -> *LiS -> *Li2S,1
S8* -> *Li2S8 -> *LiS2 -> S* -> *LiS -> *Li2S6 -> *LiS -> *Li2S5 -> *LiS -> *Li2S4->*Li2S4 -> *LiS3 -> *Li2S3 -> *LiS2 -> S* -> *LiS -> *Li2S,1
S8* -> *Li2S8 -> *LiS3 -> *Li2S3 -> *LiS2 -> S* -> *LiS -> *Li2S5 -> *LiS -> *Li2S4->*Li2S4 -> *LiS2 -> *2LiS -> *LiS -> *Li2S2 -> *LiS -> *Li2S,1
S8* -> *Li2S8 -> *LiS5 -> S* -> *LiS -> *Li2S3 -> *LiS2 -> *Li2S2 -> *LiS -> *Li2S4->*Li2S4 -> *LiS3 -> S* -> *LiS -> *Li2S2 -> *LiS -> *Li2S,1
S8* -> *Li2S8 -> *LiS5 -> S* -> *LiS -> *Li2S3 -> *LiS2 -> *Li2S2 -> *LiS -> *Li2S4->*Li2S4 -> *LiS3 -> *Li2S3 -> *LiS2 -> *Li2S2 -> *LiS -> *Li2S,1
S8* -> *Li2S8 -> *LiS5 -> S* -> *LiS -> *Li2S3 -> *LiS2 -> *Li2S2 -> *LiS -> *Li2S4->*Li2S4 -> *LiS -> *Li2S3 -> *LiS2 -> S* -> *LiS -> *Li2S,1
S8* -> *Li2S8 -> *LiS5 -> S* -> *LiS -> *Li2S3 -> *LiS2 -> *Li2S2 -> *LiS -> *Li2S4->*Li2S4 -> *LiS -> *Li2S3 -> *LiS2 -> *Li2S2 -> *LiS -> *Li2S,1
S8* -> *Li2S8 -> *LiS5 -> S* -> *LiS -> *Li2S3 -> *LiS2 -> *Li2S2 -> *LiS -> *Li2S4->*Li2S4 -> *LiS2 -> *Li2S2 -> *LiS -> *Li2S2 -> *LiS -> *Li2S,1
S8* -> *Li2S8 -> *LiS5 -> S* -> *LiS -> *Li2S3 -> *LiS2 -> *Li2S2 -> *LiS -> *Li2S4->*Li2S4 -> *LiS3 -> *Li2S3 -> *LiS2 -> *2LiS -> *LiS -> *Li2S,1
S8* -> *Li2S8 -> *LiS5 -> *Li2S5 -> *LiS -> *Li2S3 -> *LiS2 -> S* -> *LiS -> *Li2S4->*Li2S4 -> *LiS2 -> S* -> *LiS -> *Li2S2 -> *LiS -> *Li2S,1
S8* -> *Li2S8 -> *LiS5 -> *Li2S5 -> *LiS -> *Li2S3 -> *LiS2 -> S* -> *LiS -> *Li2S4->*Li2S4 -> *LiS2 -> *2LiS -> *LiS -> *Li2S2 -> *LiS -> *Li2S,1
S8* -> *Li2S8 -> *LiS5 -> *Li2S5 -> *LiS -> *Li2S3 -> *LiS2 -> S* -> *LiS -> *Li2S4->*Li2S4 -> *LiS3 -> S* -> *LiS -> *Li2S2 -> *LiS -> *Li2S,1
S8* -> *Li2S8 -> *LiS5 -> *Li2S5 -> *LiS -> *Li2S3 -> *LiS2 -> S* -> *LiS -> *Li2S4->*Li2S4 -> *LiS3 -> *Li2S3 -> *LiS2 -> S* -> *LiS -> *Li2S,1
S8* -> *Li2S8 -> *LiS5 -> *Li2S5 -> *LiS -> *Li2S3 -> *LiS2 -> S* -> *LiS -> *Li2S4->*Li2S4 -> *LiS3 -> *Li2S3 -> *LiS2 -> *Li2S2 -> *LiS -> *Li2S,1
S8* -> *Li2S8 -> *LiS5 -> *Li2S5 -> *LiS -> *Li2S3 -> *LiS2 -> S* -> *LiS -> *Li2S4->*Li2S4 -> *LiS -> *Li2S3 -> *LiS2 -> S* -> *LiS -> *Li2S,1
S8* -> *Li2S8 -> *LiS5 -> *Li2S5 -> *LiS -> *Li2S3 -> *LiS2 -> S* -> *LiS -> *Li2S4->*Li2S4 -> *LiS -> *Li2S3 -> *LiS2 -> *Li2S2 -> *LiS -> *Li2S,1
S8* -> *Li2S8 -> *LiS3 -> *Li2S3 -> *LiS2 -> S* -> *LiS -> *Li2S5 -> *LiS -> *Li2S4->*Li2S4 -> *LiS3 -> S* -> *LiS -> *Li2S2 -> *LiS -> *Li2S,1
S8* -> *Li2S8 -> *LiS5 -> *Li2S5 -> *LiS -> *Li2S3 -> *LiS2 -> S* -> *LiS -> *Li2S4->*Li2S4 -> *LiS3 -> *Li2S3 -> *LiS2 -> *2LiS -> *LiS -> *Li2S,1
S8* -> *Li2S8 -> *LiS6 -> S* -> *LiS -> *Li2S2 -> *LiS -> *Li2S5 -> *LiS -> *Li2S4->*Li2S4 -> *LiS3 -> *Li2S3 -> *LiS2 -> S* -> *LiS -> *Li2S,1
S8* -> *Li2S8 -> *LiS6 -> S* -> *LiS -> *Li2S2 -> *LiS -> *Li2S5 -> *LiS -> *Li2S4->*Li2S4 -> *LiS3 -> *Li2S3 -> *LiS2 -> *Li2S2 -> *LiS -> *Li2S,1
S8* -> *Li2S8 -> *LiS6 -> S* -> *LiS -> *Li2S2 -> *LiS -> *Li2S5 -> *LiS -> *Li2S4->*Li2S4 -> *LiS -> *Li2S3 -> *LiS2 -> S* -> *LiS -> *Li2S,1
S8* -> *Li2S8 -> *LiS5 -> S* -> *LiS -> *Li2S3 -> *LiS2 -> *Li2S2 -> *LiS -> *Li2S4->*Li2S4 -> *LiS3 -> *Li2S3 -> *LiS2 -> S* -> *LiS -> *Li2S,1
S8* -> *Li2S8 -> *LiS5 -> *Li2S5 -> *LiS -> *Li2S3 -> *LiS2 -> S* -> *LiS -> *Li2S4->*Li2S4 -> *LiS2 -> *Li2S2 -> *LiS -> *Li2S2 -> *LiS -> *Li2S,1
S8* -> *Li2S8 -> *LiS5 -> S* -> *LiS -> *Li2S3 -> *LiS2 -> *Li2S2 -> *LiS -> *Li2S4->*Li2S4 -> *LiS2 -> *2LiS -> *LiS -> *Li2S2 -> *LiS -> *Li2S,1
S8* -> *Li2S8 -> *LiS4 -> S* -> *LiS -> *Li2S3 -> *LiS2 -> *Li2S2 -> *LiS -> *Li2S4->*Li2S4 -> *LiS2 -> *2LiS -> *LiS -> *Li2S2 -> *LiS -> *Li2S,1
S8* -> *Li2S8 -> *LiS5 -> S* -> *LiS -> *Li2S3 -> *LiS2 -> *Li2S2 -> *LiS -> *Li2S4->*Li2S4 -> *LiS2 -> S* -> *LiS -> *Li2S2 -> *LiS -> *Li2S,1
S8* -> *Li2S8 -> *LiS3 -> *Li2S3 -> *LiS2 -> S* -> *LiS -> *Li2S5 -> *LiS -> *Li2S4->*Li2S4 -> *LiS3 -> *Li2S3 -> *LiS2 -> S* -> *LiS -> *Li2S,1
S8* -> *Li2S8 -> *LiS3 -> *Li2S3 -> *LiS2 -> S* -> *LiS -> *Li2S5 -> *LiS -> *Li2S4->*Li2S4 -> *LiS -> *Li2S3 -> *LiS2 -> S* -> *LiS -> *Li2S,1
S8* -> *Li2S8 -> *LiS3 -> *Li2S3 -> *LiS2 -> S* -> *LiS -> *Li2S5 -> *LiS -> *Li2S4->*Li2S4 -> *LiS -> *Li2S3 -> *LiS2 -> *Li2S2 -> *LiS -> *Li2S,1
S8* -> *Li2S8 -> *LiS3 -> *Li2S3 -> *LiS2 -> S* -> *LiS -> *Li2S5 -> *LiS -> *Li2S4->*Li2S4 -> *LiS2 -> *Li2S2 -> *LiS -> *Li2S2 -> *LiS -> *Li2S,1
S8* -> *Li2S8 -> *LiS3 -> *Li2S3 -> *LiS2 -> S* -> *LiS -> *Li2S5 -> *LiS -> *Li2S4->*Li2S4 -> *LiS3 -> *Li2S3 -> *LiS2 -> *2LiS -> *LiS -> *Li2S,1
S8* -> *Li2S8 -> *LiS4 -> S* -> *LiS -> *Li2S3 -> *LiS2 -> *Li2S2 -> *LiS -> *Li2S4->*Li2S4 -> *LiS2 -> S* -> *LiS -> *Li2S2 -> *LiS -> *Li2S,1
S8* -> *Li2S8 -> *LiS3 -> *Li2S3 -> *LiS2 -> S* -> *LiS -> *Li2S5 -> *LiS -> *Li2S4->*Li2S4 -> *LiS3 -> *Li2S3 -> *LiS2 -> *Li2S2 -> *LiS -> *Li2S,1
S8* -> *Li2S8 -> *LiS4 -> S* -> *LiS -> *Li2S3 -> *LiS2 -> *Li2S2 -> *LiS -> *Li2S4->*Li2S4 -> *LiS3 -> S* -> *LiS -> *Li2S2 -> *LiS -> *Li2S,1
S8* -> *Li2S8 -> *LiS4 -> S* -> *LiS -> *Li2S3 -> *LiS2 -> *Li2S2 -> *LiS -> *Li2S4->*Li2S4 -> *LiS3 -> *Li2S3 -> *LiS2 -> *2LiS -> *LiS -> *Li2S,1
S8* -> *Li2S8 -> *LiS4 -> S* -> *LiS -> *Li2S3 -> *LiS2 -> *Li2S2 -> *LiS -> *Li2S4->*Li2S4 -> *LiS3 -> *Li2S3 -> *LiS2 -> *Li2S2 -> *LiS -> *Li2S,1
S8* -> *Li2S8 -> *LiS4 -> S* -> *LiS -> *Li2S3 -> *LiS2 -> *Li2S2 -> *LiS -> *Li2S4->*Li2S4 -> *LiS -> *Li2S3 -> *LiS2 -> S* -> *LiS -> *Li2S,1
S8* -> *Li2S8 -> *LiS4 -> S* -> *LiS -> *Li2S3 -> *LiS2 -> *Li2S2 -> *LiS -> *Li2S4->*Li2S4 -> *LiS -> *Li2S3 -> *LiS2 -> *Li2S2 -> *LiS -> *Li2S,1
S8* -> *Li2S8 -> *LiS4 -> S* -> *LiS -> *Li2S3 -> *LiS2 -> *Li2S2 -> *LiS -> *Li2S4->*Li2S4 -> *LiS2 -> *Li2S2 -> *LiS -> *Li2S2 -> *LiS -> *Li2S,1
S8* -> *Li2S8 -> *LiS4 -> S* -> *LiS -> *Li2S3 -> *LiS2 -> *Li2S2 -> *LiS -> *Li2S4->*Li2S4 -> *LiS3 -> *Li2S3 -> *LiS2 -> S* -> *LiS -> *Li2S,1
S8* -> *Li2S8 -> *LiS2 -> S* -> *LiS -> *Li2S6 -> *LiS2 -> *Li2S2 -> *LiS -> *Li2S4->*Li2S4 -> *LiS3 -> S* -> *LiS -> *Li2S2 -> *LiS -> *Li2S,2
S8* -> *Li2S8 -> *LiS2 -> S* -> *LiS -> *Li2S6 -> *LiS2 -> *Li2S2 -> *LiS -> *Li2S4->*Li2S4 -> *LiS2 -> *Li2S2 -> *LiS -> *Li2S2 -> *LiS -> *Li2S,2
S8* -> *Li2S8 -> *LiS2 -> *Li2S2 -> *LiS -> *Li2S6 -> *LiS2 -> S* -> *LiS -> *Li2S4->*Li2S4 -> *LiS2 -> S* -> *LiS -> *Li2S2 -> *LiS -> *Li2S,2
S8* -> *Li2S8 -> *LiS2 -> *Li2S2 -> *LiS -> *Li2S6 -> *LiS2 -> S* -> *LiS -> *Li2S4->*Li2S4 -> *LiS2 -> *2LiS -> *LiS -> *Li2S2 -> *LiS -> *Li2S,2
S8* -> *Li2S8 -> *LiS2 -> *Li2S2 -> *LiS -> *Li2S6 -> *LiS2 -> S* -> *LiS -> *Li2S4->*Li2S4 -> *LiS3 -> S* -> *LiS -> *Li2S2 -> *LiS -> *Li2S,2
S8* -> *Li2S8 -> *LiS2 -> *Li2S2 -> *LiS -> *Li2S6 -> *LiS2 -> S* -> *LiS -> *Li2S4->*Li2S4 -> *LiS2 -> *Li2S2 -> *LiS -> *Li2S2 -> *LiS -> *Li2S,2
S8* -> *Li2S8 -> *LiS6 -> S* -> *LiS -> *Li2S2 -> *LiS -> *Li2S5 -> *LiS -> *Li2S4->*Li2S4 -> *LiS3 -> S* -> *LiS -> *Li2S2 -> *LiS -> *Li2S,2
S8* -> *Li2S8 -> *LiS6 -> S* -> *LiS -> *Li2S2 -> *LiS -> *Li2S5 -> *LiS -> *Li2S4->*Li2S4 -> *LiS2 -> S* -> *LiS -> *Li2S2 -> *LiS -> *Li2S,2
S8* -> *Li2S8 -> *LiS6 -> S* -> *LiS -> *Li2S2 -> *LiS -> *Li2S5 -> *LiS -> *Li2S4->*Li2S4 -> *LiS2 -> *2LiS -> *LiS -> *Li2S2 -> *LiS -> *Li2S,2
S8* -> *Li2S8 -> *LiS6 -> S* -> *LiS -> *Li2S2 -> *LiS -> *Li2S5 -> *LiS -> *Li2S4->*Li2S4 -> *LiS2 -> *Li2S2 -> *LiS -> *Li2S2 -> *LiS -> *Li2S,2
S8* -> *Li2S8 -> *LiS6 -> S* -> *LiS -> *Li2S5 -> *LiS -> *Li2S2 -> *LiS -> *Li2S4->*Li2S4 -> *LiS2 -> S* -> *LiS -> *Li2S2 -> *LiS -> *Li2S,2
S8* -> *Li2S8 -> *LiS6 -> S* -> *LiS -> *Li2S5 -> *LiS -> *Li2S2 -> *LiS -> *Li2S4->*Li2S4 -> *LiS2 -> *2LiS -> *LiS -> *Li2S2 -> *LiS -> *Li2S,2
S8* -> *Li2S8 -> *LiS2 -> S* -> *LiS -> *Li2S6 -> *LiS2 -> *Li2S2 -> *LiS -> *Li2S4->*Li2S4 -> *LiS2 -> S* -> *LiS -> *Li2S2 -> *LiS -> *Li2S,2
S8* -> *Li2S8 -> *LiS6 -> S* -> *LiS -> *Li2S5 -> *LiS -> *Li2S2 -> *LiS -> *Li2S4->*Li2S4 -> *LiS3 -> S* -> *LiS -> *Li2S2 -> *LiS -> *Li2S,2
S8* -> *Li2S8 -> *LiS2 -> S* -> *LiS -> *Li2S6 -> *LiS2 -> *Li2S2 -> *LiS -> *Li2S4->*Li2S4 -> *LiS2 -> *2LiS -> *LiS -> *Li2S2 -> *LiS -> *Li2S,2
S8* -> *Li2S8 -> *LiS -> *Li2S7 -> *LiS5 -> S* -> *LiS -> *Li2S2 -> *LiS -> *Li2S4->*Li2S4 -> *LiS2 -> S* -> *LiS -> *Li2S2 -> *LiS -> *Li2S,2
S8* -> *Li2S8 -> *LiS2 -> S* -> *LiS -> *Li2S6 -> *LiS -> *Li2S5 -> *LiS -> *Li2S4->*Li2S4 -> *LiS2 -> *Li2S2 -> *LiS -> *Li2S2 -> *LiS -> *Li2S,2
S8* -> *Li2S8 -> *LiS2 -> S* -> *LiS -> *Li2S6 -> *LiS -> *Li2S5 -> *LiS -> *Li2S4->*Li2S4 -> *LiS3 -> S* -> *LiS -> *Li2S2 -> *LiS -> *Li2S,2
S8* -> *Li2S8 -> *LiS2 -> S* -> *LiS -> *Li2S6 -> *LiS -> *Li2S5 -> *LiS -> *Li2S4->*Li2S4 -> *LiS2 -> *2LiS -> *LiS -> *Li2S2 -> *LiS -> *Li2S,2
S8* -> *Li2S8 -> *LiS2 -> S* -> *LiS -> *Li2S6 -> *LiS -> *Li2S5 -> *LiS -> *Li2S4->*Li2S4 -> *LiS2 -> S* -> *LiS -> *Li2S2 -> *LiS -> *Li2S,2
S8* -> *Li2S8 -> *LiS -> *Li2S7 -> *LiS5 -> S* -> *LiS -> *Li2S2 -> *LiS -> *Li2S4->*Li2S4 -> *LiS2 -> *Li2S2 -> *LiS -> *Li2S2 -> *LiS -> *Li2S,2
S8* -> *Li2S8 -> *LiS -> *Li2S7 -> *LiS5 -> S* -> *LiS -> *Li2S2 -> *LiS -> *Li2S4->*Li2S4 -> *LiS3 -> S* -> *LiS -> *Li2S2 -> *LiS -> *Li2S,2
S8* -> *Li2S8 -> *LiS -> *Li2S7 -> *LiS5 -> S* -> *LiS -> *Li2S2 -> *LiS -> *Li2S4->*Li2S4 -> *LiS2 -> *2LiS -> *LiS -> *Li2S2 -> *LiS -> *Li2S,2
S8* -> *Li2S8 -> *LiS -> *Li2S7 -> *LiS2 -> S* -> *LiS -> *Li2S5 -> *LiS -> *Li2S4->*Li2S4 -> *LiS2 -> *Li2S2 -> *LiS -> *Li2S2 -> *LiS -> *Li2S,2
S8* -> *Li2S8 -> *LiS -> *Li2S7 -> *LiS2 -> S* -> *LiS -> *Li2S5 -> *LiS -> *Li2S4->*Li2S4 -> *LiS3 -> S* -> *LiS -> *Li2S2 -> *LiS -> *Li2S,2
S8* -> *Li2S8 -> *LiS -> *Li2S7 -> *LiS2 -> S* -> *LiS -> *Li2S5 -> *LiS -> *Li2S4->*Li2S4 -> *LiS2 -> *2LiS -> *LiS -> *Li2S2 -> *LiS -> *Li2S,2
S8* -> *Li2S8 -> *LiS -> *Li2S7 -> *LiS2 -> S* -> *LiS -> *Li2S5 -> *LiS -> *Li2S4->*Li2S4 -> *LiS2 -> S* -> *LiS -> *Li2S2 -> *LiS -> *Li2S,2
S8* -> *Li2S8 -> *LiS -> *Li2S7 -> *LiS -> *Li2S6 -> *LiS2 -> S* -> *LiS -> *Li2S4->*Li2S4 -> *LiS2 -> *Li2S2 -> *LiS -> *Li2S2 -> *LiS -> *Li2S,2
S8* -> *Li2S8 -> *LiS -> *Li2S7 -> *LiS -> *Li2S6 -> *LiS2 -> S* -> *LiS -> *Li2S4->*Li2S4 -> *LiS3 -> S* -> *LiS -> *Li2S2 -> *LiS -> *Li2S,2
S8* -> *Li2S8 -> *LiS6 -> *Li2S6 -> *LiS2 -> S* -> *LiS -> *Li2S2 -> *LiS -> *Li2S4->*Li2S4 -> *LiS2 -> S* -> *LiS -> *Li2S2 -> *LiS -> *Li2S,2
S8* -> *Li2S8 -> *LiS6 -> S* -> *LiS -> *Li2S5 -> *LiS -> *Li2S2 -> *LiS -> *Li2S4->*Li2S4 -> *LiS2 -> *Li2S2 -> *LiS -> *Li2S2 -> *LiS -> *Li2S,2
S8* -> *Li2S8 -> *LiS -> *Li2S7 -> *LiS -> *Li2S6 -> *LiS2 -> S* -> *LiS -> *Li2S4->*Li2S4 -> *LiS2 -> *2LiS -> *LiS -> *Li2S2 -> *LiS -> *Li2S,2
S8* -> *Li2S8 -> *LiS6 -> *Li2S6 -> *LiS2 -> S* -> *LiS -> *Li2S2 -> *LiS -> *Li2S4->*Li2S4 -> *LiS2 -> *2LiS -> *LiS -> *Li2S2 -> *LiS -> *Li2S,2
S8* -> *Li2S8 -> *LiS6 -> *Li2S6 -> *LiS2 -> S* -> *LiS -> *Li2S2 -> *LiS -> *Li2S4->*Li2S4 -> *LiS3 -> S* -> *LiS -> *Li2S2 -> *LiS -> *Li2S,2
S8* -> *Li2S8 -> *LiS7 -> *Li2S7 -> *LiS5 -> S* -> *LiS -> *Li2S2 -> *LiS -> *Li2S4->*Li2S4 -> *LiS2 -> *Li2S2 -> *LiS -> *Li2S2 -> *LiS -> *Li2S,2
S8* -> *Li2S8 -> *LiS7 -> *Li2S7 -> *LiS5 -> S* -> *LiS -> *Li2S2 -> *LiS -> *Li2S4->*Li2S4 -> *LiS3 -> S* -> *LiS -> *Li2S2 -> *LiS -> *Li2S,2
S8* -> *Li2S8 -> *LiS7 -> *Li2S7 -> *LiS5 -> S* -> *LiS -> *Li2S2 -> *LiS -> *Li2S4->*Li2S4 -> *LiS2 -> *2LiS -> *LiS -> *Li2S2 -> *LiS -> *Li2S,2
S8* -> *Li2S8 -> *LiS7 -> *Li2S7 -> *LiS5 -> S* -> *LiS -> *Li2S2 -> *LiS -> *Li2S4->*Li2S4 -> *LiS2 -> S* -> *LiS -> *Li2S2 -> *LiS -> *Li2S,2
S8* -> *Li2S8 -> *LiS7 -> *Li2S7 -> *LiS2 -> S* -> *LiS -> *Li2S5 -> *LiS -> *Li2S4->*Li2S4 -> *LiS2 -> *Li2S2 -> *LiS -> *Li2S2 -> *LiS -> *Li2S,2
S8* -> *Li2S8 -> *LiS7 -> *Li2S7 -> *LiS2 -> S* -> *LiS -> *Li2S5 -> *LiS -> *Li2S4->*Li2S4 -> *LiS3 -> S* -> *LiS -> *Li2S2 -> *LiS -> *Li2S,2
S8* -> *Li2S8 -> *LiS7 -> *Li2S7 -> *LiS2 -> S* -> *LiS -> *Li2S5 -> *LiS -> *Li2S4->*Li2S4 -> *LiS2 -> *2LiS -> *LiS -> *Li2S2 -> *LiS -> *Li2S,2
S8* -> *Li2S8 -> *LiS7 -> *Li2S7 -> *LiS2 -> S* -> *LiS -> *Li2S5 -> *LiS -> *Li2S4->*Li2S4 -> *LiS2 -> S* -> *LiS -> *Li2S2 -> *LiS -> *Li2S,2
S8* -> *Li2S8 -> *LiS7 -> *Li2S7 -> *LiS -> *Li2S6 -> *LiS2 -> S* -> *LiS -> *Li2S4->*Li2S4 -> *LiS2 -> *Li2S2 -> *LiS -> *Li2S2 -> *LiS -> *Li2S,2
S8* -> *Li2S8 -> *LiS7 -> *Li2S7 -> *LiS -> *Li2S6 -> *LiS2 -> S* -> *LiS -> *Li2S4->*Li2S4 -> *LiS3 -> S* -> *LiS -> *Li2S2 -> *LiS -> *Li2S,2
S8* -> *Li2S8 -> *LiS7 -> *Li2S7 -> *LiS -> *Li2S6 -> *LiS2 -> S* -> *LiS -> *Li2S4->*Li2S4 -> *LiS2 -> *2LiS -> *LiS -> *Li2S2 -> *LiS -> *Li2S,2
S8* -> *Li2S8 -> *LiS7 -> *Li2S7 -> *LiS -> *Li2S6 -> *LiS2 -> S* -> *LiS -> *Li2S4->*Li2S4 -> *LiS2 -> S* -> *LiS -> *Li2S2 -> *LiS -> *Li2S,2
S8* -> *Li2S8 -> *LiS7 -> S5* -> *LiS5 -> *Li2S5 -> *LiS -> *Li2S2 -> *LiS -> *Li2S4->*Li2S4 -> *LiS2 -> *Li2S2 -> *LiS -> *Li2S2 -> *LiS -> *Li2S,2
S8* -> *Li2S8 -> *LiS7 -> S5* -> *LiS5 -> *Li2S5 -> *LiS -> *Li2S2 -> *LiS -> *Li2S4->*Li2S4 -> *LiS3 -> S* -> *LiS -> *Li2S2 -> *LiS -> *Li2S,2
S8* -> *Li2S8 -> *LiS7 -> S5* -> *LiS5 -> *Li2S5 -> *LiS -> *Li2S2 -> *LiS -> *Li2S4->*Li2S4 -> *LiS2 -> *2LiS -> *LiS -> *Li2S2 -> *LiS -> *Li2S,2
S8* -> *Li2S8 -> *LiS7 -> S5* -> *LiS5 -> *Li2S5 -> *LiS -> *Li2S2 -> *LiS -> *Li2S4->*Li2S4 -> *LiS2 -> S* -> *LiS -> *Li2S2 -> *LiS -> *Li2S,2
S8* -> *Li2S8 -> *LiS7 -> S2* -> *LiS2 -> *Li2S2 -> *LiS -> *Li2S5 -> *LiS -> *Li2S4->*Li2S4 -> *LiS2 -> *Li2S2 -> *LiS -> *Li2S2 -> *LiS -> *Li2S,2
S8* -> *Li2S8 -> *LiS7 -> S2* -> *LiS2 -> *Li2S2 -> *LiS -> *Li2S5 -> *LiS -> *Li2S4->*Li2S4 -> *LiS3 -> S* -> *LiS -> *Li2S2 -> *LiS -> *Li2S,2
S8* -> *Li2S8 -> *LiS7 -> S2* -> *LiS2 -> *Li2S2 -> *LiS -> *Li2S5 -> *LiS -> *Li2S4->*Li2S4 -> *LiS2 -> *2LiS -> *LiS -> *Li2S2 -> *LiS -> *Li2S,2
S8* -> *Li2S8 -> *LiS7 -> S2* -> *LiS2 -> *Li2S2 -> *LiS -> *Li2S5 -> *LiS -> *Li2S4->*Li2S4 -> *LiS2 -> S* -> *LiS -> *Li2S2 -> *LiS -> *Li2S,2
S8* -> *Li2S8 -> *LiS7 -> S* -> *LiS -> *Li2S6 -> *LiS2 -> *Li2S2 -> *LiS -> *Li2S4->*Li2S4 -> *LiS2 -> *Li2S2 -> *LiS -> *Li2S2 -> *LiS -> *Li2S,2
S8* -> *Li2S8 -> *LiS7 -> S* -> *LiS -> *Li2S6 -> *LiS2 -> *Li2S2 -> *LiS -> *Li2S4->*Li2S4 -> *LiS3 -> S* -> *LiS -> *Li2S2 -> *LiS -> *Li2S,2
S8* -> *Li2S8 -> *LiS7 -> S* -> *LiS -> *Li2S6 -> *LiS2 -> *Li2S2 -> *LiS -> *Li2S4->*Li2S4 -> *LiS2 -> *2LiS -> *LiS -> *Li2S2 -> *LiS -> *Li2S,2
S8* -> *Li2S8 -> *LiS7 -> S* -> *LiS -> *Li2S6 -> *LiS2 -> *Li2S2 -> *LiS -> *Li2S4->*Li2S4 -> *LiS2 -> S* -> *LiS -> *Li2S2 -> *LiS -> *Li2S,2
S8* -> *Li2S8 -> *LiS7 -> S* -> *LiS -> *Li2S6 -> *LiS -> *Li2S5 -> *LiS -> *Li2S4->*Li2S4 -> *LiS2 -> *Li2S2 -> *LiS -> *Li2S2 -> *LiS -> *Li2S,2
S8* -> *Li2S8 -> *LiS7 -> S* -> *LiS -> *Li2S6 -> *LiS -> *Li2S5 -> *LiS -> *Li2S4->*Li2S4 -> *LiS3 -> S* -> *LiS -> *Li2S2 -> *LiS -> *Li2S,2
S8* -> *Li2S8 -> *LiS7 -> S* -> *LiS -> *Li2S6 -> *LiS -> *Li2S5 -> *LiS -> *Li2S4->*Li2S4 -> *LiS2 -> *2LiS -> *LiS -> *Li2S2 -> *LiS -> *Li2S,2
S8* -> *Li2S8 -> *LiS7 -> S* -> *LiS -> *Li2S6 -> *LiS -> *Li2S5 -> *LiS -> *Li2S4->*Li2S4 -> *LiS2 -> S* -> *LiS -> *Li2S2 -> *LiS -> *Li2S,2
S8* -> *Li2S8 -> *LiS6 -> *Li2S6 -> *LiS2 -> S* -> *LiS -> *Li2S2 -> *LiS -> *Li2S4->*Li2S4 -> *LiS2 -> *Li2S2 -> *LiS -> *Li2S2 -> *LiS -> *Li2S,2
S8* -> *Li2S8 -> *LiS -> *Li2S7 -> *LiS -> *Li2S6 -> *LiS2 -> S* -> *LiS -> *Li2S4->*Li2S4 -> *LiS2 -> S* -> *LiS -> *Li2S2 -> *LiS -> *Li2S,2
